Modelo,a1,se_a1,b1,se_b1,σ²,Log-L,AIC,BIC,Conv.
"M1: ARIMA(0,1,0)",,,,,0.00219,195.6076,-389.2152,-386.4360,OK
"M2: ARIMA(1,1,0)",0.2673,(0.0731),,,0.00203,200.0050,-396.0099,-390.4517,OK
"M3: ARIMA(0,1,1)",,,0.2356,(0.0796),0.00206,197.5881,-391.1761,-385.6348,OK
"M4: ARIMA(1,1,1)",0.3165,(0.3640),-0.0554,(0.3967),0.00204,198.1066,-390.2131,-381.9011,OK
