Modelo,a1,se(a1),p(a1),b1,se(b1),p(b1),σ²,Log-L,AIC,BIC,k
"M1: ARIMA(0,1,0)",—,—,—,—,—,—,0.002100,197.993,-393.986,-391.207,0
"M2: ARIMA(1,1,0)",0.3218,(0.0821),0.0001,—,—,—,0.001891,204.263,-404.525,-398.967,1
"M3: ARIMA(0,1,1)",—,—,—,0.3684,(0.0756),0.0000,0.001872,203.111,-402.222,-396.680,1
"M4: ARIMA(1,1,1)",0.0202,(0.2406),0.9330,0.3507,(0.2240),0.1174,0.001872,203.114,-400.228,-391.916,2
