,Retorno (Δlog),Retorno aprox. (%),LI 95% (Δlog),LS 95% (Δlog)
2026-04,0.03079,3.126,-0.05444,0.11601
2026-05,0.00991,0.995,-0.07962,0.09943
2026-06,0.00319,0.319,-0.08677,0.09315
2026-07,0.00103,0.103,-0.08898,0.09103
2026-08,0.00033,0.033,-0.08968,0.09034
2026-09,0.00011,0.011,-0.0899,0.09012
2026-10,3e-05,0.003,-0.08997,0.09004
2026-11,1e-05,0.001,-0.09,0.09002
2026-12,0.0,0.0,-0.09001,0.09001
2027-01,0.0,0.0,-0.09001,0.09001
